id,title,body,author,slug,image,alt,tags
1,news1,news1.html,Holly Foat,news/news1,news1.jpg,news1,"1,2,3"
2,news2,news2.html,Holly Foat,news/news2,news2.jpg,news2,"1,2,3"
3,news3,news3.html,Holly Foat,news/news3,news3.jpg,news3,"1,2,3"
4,news4,news4.html,Holly Foat,news/news4,news4.jpg,news4,"1,2,3"
5,news5,news5.html,Holly Foat,news/news5,news5.jpg,news5,"1,2,3"
6,news6,news6.html,Holly Foat,news/news6,news6.jpg,news6,"2,3,4"
7,news7,news7.html,Holly Foat,news/news7,news7.jpg,news7,"2,3,4"
8,news8,news8.html,Holly Foat,news/news8,news8.jpg,news8,"2,3,4"
9,news9,news9.html,Holly Foat,news/news9,news9.jpg,news9,"2,3,4"
10,news10,news10.html,Holly Foat,news/news10,news10.jpg,news10,"2,3,4"
11,news11,news11.html,Holly Foat,news/news11,news11.jpg,news11,"2,3,4"
12,news12,news12.html,Holly Foat,news/news12,news12.jpg,news12,"2,3,4"
