id,title,body,author,slug,image,alt,tags_product
1,SSTSH1901-001,SSTSH1901-001.html,Holly Foat,product/SSTSH1901-001,SSTSH1901-001.jpg,SSTSH1901-001,"1,2,3"
2,SSTSH1901-002,SSTSH1901-002.html,Holly Foat,product/SSTSH1901-002,SSTSH1901-002.jpg,SSTSH1901-002,"1,2,3"
3,SSTSH1901-003,SSTSH1901-003.html,Holly Foat,product/SSTSH1901-003,SSTSH1901-003.jpg,SSTSH1901-003,"1,2,3"
4,SSTSH1901-004,SSTSH1901-004.html,Holly Foat,product/SSTSH1901-004,SSTSH1901-004.jpg,SSTSH1901-004,"1,2,3"
5,SSTSH1901-005,SSTSH1901-005.html,Holly Foat,product/SSTSH1901-005,SSTSH1901-005.jpg,SSTSH1901-005,"1,2,3"
6,SSTSH1901-006,SSTSH1901-006.html,Holly Foat,product/SSTSH1901-006,SSTSH1901-006.jpg,SSTSH1901-006,"2,3,4"
7,SSTSH1901-007,SSTSH1901-007.html,Holly Foat,product/SSTSH1901-007,SSTSH1901-007.jpg,SSTSH1901-007,"2,3,4"
8,SSTSH1901-008,SSTSH1901-008.html,Holly Foat,product/SSTSH1901-008,SSTSH1901-008.jpg,SSTSH1901-008,"2,3,4"
9,SSTSH1901-009,SSTSH1901-009.html,Holly Foat,product/SSTSH1901-009,SSTSH1901-009.jpg,SSTSH1901-009,"2,3,4"
10,SSTSH1901-010,SSTSH1901-010.html,Holly Foat,product/SSTSH1901-010,SSTSH1901-010.jpg,SSTSH1901-010,"2,3,4"
11,SSTSH1901-011,SSTSH1901-011.html,Holly Foat,product/SSTSH1901-011,SSTSH1901-011.jpg,SSTSH1901-011,"2,3,4"
12,SSTSH1901-012,SSTSH1901-012.html,Holly Foat,product/SSTSH1901-012,SSTSH1901-012.jpg,SSTSH1901-012,"2,3,4"
